val0,val1,val2,val3,val4,val5,val6,val7,val8,val9,val10,val11,val12,val13,val14,val15,val16,val17,val18,val19,val20,val21,val22,val23,val24,val25,val26,val27,val28,val29,val30,val31,val32,val33,val34,val35,val36,val37,val38,val39,val40,val41,val42,val43,val44,val45,val46,val47,val48,val49,val50,val51,val52,val53,val54,val55,val56,val57,val58,val59,val60,val61,val62,val63,val64,val65,val66,val67,val68,val69,val70,val71,val72,val73,val74,val75,val76,val77,val78,val79,val80,val81,val82,val83,val84,val85,val86,val87,val88,val89,val90,val91,val92,val93,val94,val95,val96,val97,val98,val99
1,0.000408122,0.000408122,0.000408122,0.000408122,0.000408122,0.000408122,0.000408122,0.000408122,0.000408122,0.000408122,0.000408122,0.000408122,0.000408122,0.000408122,0.000408122,0.000408122,0.000408122,0.000408122,0.000408122,0.000408122,0.000408122,0.000408122,0.000408122,0.000408122,0.000408122,0.000408122,0.000408122,0.000408122,0.000408122,0.000408122,0.000408122,0.000408122,0.000408122,0.000408122,0.000408122,0.000408122,0.000408122,0.000408122,0.000408122,0.000408122,0.000408122,0.000408122,0.000408122,0.000408122,0.000408122,0.000408122,0.000408122,0.000408122,0.000408122,0.000408122,0.000408122,0.000408122,0.000408122,0.000408122,0.000408122,0.000408122,0.000408122,0.000408122,0.000408122,0.000408122,0.000408122,0.000408122,0.000408122,0.000408122,0.000408122,0.000408122,0.000408122,0.000408122,0.000408122,0.000408122,0.000408122,0.000408122,0.000408122,0.000408122,0.000408122,0.000408122,0.000408122,0.000408122,0.000408122,0.000408122,0.000408122,0.000408122,0.000408122,0.000408122,0.000408122,0.000408122,0.000408122,0.000408122,0.000408122,0.000408122,0.000408122,0.000408122,0.000408122,0.000408122,0.000408122,0.000408122,0.000408122,0.000408122,1
1,0.500612,0.000816243,0.000816243,0.000816243,0.000816243,0.000816243,0.000816243,0.000816243,0.000816243,0.000816243,0.000816243,0.000816243,0.000816243,0.000816243,0.000816243,0.000816243,0.000816243,0.000816243,0.000816243,0.000816243,0.000816243,0.000816243,0.000816243,0.000816243,0.000816243,0.000816243,0.000816243,0.000816243,0.000816243,0.000816243,0.000816243,0.000816243,0.000816243,0.000816243,0.000816243,0.000816243,0.000816243,0.000816243,0.000816243,0.000816243,0.000816243,0.000816243,0.000816243,0.000816243,0.000816243,0.000816243,0.000816243,0.000816243,0.000816243,0.000816243,0.000816243,0.000816243,0.000816243,0.000816243,0.000816243,0.000816243,0.000816243,0.000816243,0.000816243,0.000816243,0.000816243,0.000816243,0.000816243,0.000816243,0.000816243,0.000816243,0.000816243,0.000816243,0.000816243,0.000816243,0.000816243,0.000816243,0.000816243,0.000816243,0.000816243,0.000816243,0.000816243,0.000816243,0.000816243,0.000816243,0.000816243,0.000816243,0.000816243,0.000816243,0.000816243,0.000816243,0.000816243,0.000816243,0.000816243,0.000816243,0.000816243,0.000816243,0.000816243,0.000816243,0.000816243,0.000816243,0.000816243,0.500612,1
1,0.500816,0.251122,0.00122436,0.00122436,0.00122436,0.00122436,0.00122436,0.00122436,0.00122436,0.00122436,0.00122436,0.00122436,0.00122436,0.00122436,0.00122436,0.00122436,0.00122436,0.00122436,0.00122436,0.00122436,0.00122436,0.00122436,0.00122436,0.00122436,0.00122436,0.00122436,0.00122436,0.00122436,0.00122436,0.00122436,0.00122436,0.00122436,0.00122436,0.00122436,0.00122436,0.00122436,0.00122436,0.00122436,0.00122436,0.00122436,0.00122436,0.00122436,0.00122436,0.00122436,0.00122436,0.00122436,0.00122436,0.00122436,0.00122436,0.00122436,0.00122436,0.00122436,0.00122436,0.00122436,0.00122436,0.00122436,0.00122436,0.00122436,0.00122436,0.00122436,0.00122436,0.00122436,0.00122436,0.00122436,0.00122436,0.00122436,0.00122436,0.00122436,0.00122436,0.00122436,0.00122436,0.00122436,0.00122436,0.00122436,0.00122436,0.00122436,0.00122436,0.00122436,0.00122436,0.00122436,0.00122436,0.00122436,0.00122436,0.00122436,0.00122436,0.00122436,0.00122436,0.00122436,0.00122436,0.00122436,0.00122436,0.00122436,0.00122436,0.00122436,0.00122436,0.00122436,0.251122,0.500816,1
1,0.625969,0.251428,0.126581,0.00163249,0.00163249,0.00163249,0.00163249,0.00163249,0.00163249,0.00163249,0.00163249,0.00163249,0.00163249,0.00163249,0.00163249,0.00163249,0.00163249,0.00163249,0.00163249,0.00163249,0.00163249,0.00163249,0.00163249,0.00163249,0.00163249,0.00163249,0.00163249,0.00163249,0.00163249,0.00163249,0.00163249,0.00163249,0.00163249,0.00163249,0.00163249,0.00163249,0.00163249,0.00163249,0.00163249,0.00163249,0.00163249,0.00163249,0.00163249,0.00163249,0.00163249,0.00163249,0.00163249,0.00163249,0.00163249,0.00163249,0.00163249,0.00163249,0.00163249,0.00163249,0.00163249,0.00163249,0.00163249,0.00163249,0.00163249,0.00163249,0.00163249,0.00163249,0.00163249,0.00163249,0.00163249,0.00163249,0.00163249,0.00163249,0.00163249,0.00163249,0.00163249,0.00163249,0.00163249,0.00163249,0.00163249,0.00163249,0.00163249,0.00163249,0.00163249,0.00163249,0.00163249,0.00163249,0.00163249,0.00163249,0.00163249,0.00163249,0.00163249,0.00163249,0.00163249,0.00163249,0.00163249,0.00163249,0.00163249,0.00163249,0.00163249,0.126581,0.251428,0.625969,1
1,0.626122,0.376684,0.126939,0.0645151,0.00204061,0.00204061,0.00204061,0.00204061,0.00204061,0.00204061,0.00204061,0.00204061,0.00204061,0.00204061,0.00204061,0.00204061,0.00204061,0.00204061,0.00204061,0.00204061,0.00204061,0.00204061,0.00204061,0.00204061,0.00204061,0.00204061,0.00204061,0.00204061,0.00204061,0.00204061,0.00204061,0.00204061,0.00204061,0.00204061,0.00204061,0.00204061,0.00204061,0.00204061,0.00204061,0.00204061,0.00204061,0.00204061,0.00204061,0.00204061,0.00204061,0.00204061,0.00204061,0.00204061,0.00204061,0.00204061,0.00204061,0.00204061,0.00204061,0.00204061,0.00204061,0.00204061,0.00204061,0.00204061,0.00204061,0.00204061,0.00204061,0.00204061,0.00204061,0.00204061,0.00204061,0.00204061,0.00204061,0.00204061,0.00204061,0.00204061,0.00204061,0.00204061,0.00204061,0.00204061,0.00204061,0.00204061,0.00204061,0.00204061,0.00204061,0.00204061,0.00204061,0.00204061,0.00204061,0.00204061,0.00204061,0.00204061,0.00204061,0.00204061,0.00204061,0.00204061,0.00204061,0.00204061,0.00204061,0.00204061,0.0645151,0.126939,0.376684,0.626122,1
1,0.68875,0.376939,0.221007,0.0648977,0.033686,0.00244873,0.00244873,0.00244873,0.00244873,0.00244873,0.00244873,0.00244873,0.00244873,0.00244873,0.00244873,0.00244873,0.00244873,0.00244873,0.00244873,0.00244873,0.00244873,0.00244873,0.00244873,0.00244873,0.00244873,0.00244873,0.00244873,0.00244873,0.00244873,0.00244873,0.00244873,0.00244873,0.00244873,0.00244873,0.00244873,0.00244873,0.00244873,0.00244873,0.00244873,0.00244873,0.00244873,0.00244873,0.00244873,0.00244873,0.00244873,0.00244873,0.00244873,0.00244873,0.00244873,0.00244873,0.00244873,0.00244873,0.00244873,0.00244873,0.00244873,0.00244873,0.00244873,0.00244873,0.00244873,0.00244873,0.00244873,0.00244873,0.00244873,0.00244873,0.00244873,0.00244873,0.00244873,0.00244873,0.00244873,0.00244873,0.00244873,0.00244873,0.00244873,0.00244873,0.00244873,0.00244873,0.00244873,0.00244873,0.00244873,0.00244873,0.00244873,0.00244873,0.00244873,0.00244873,0.00244873,0.00244873,0.00244873,0.00244873,0.00244873,0.00244873,0.00244873,0.00244873,0.00244873,0.033686,0.0648977,0.221007,0.376939,0.68875,1
1,0.688877,0.455287,0.221326,0.127755,0.0340813,0.0184755,0.00285685,0.00285685,0.00285685,0.00285685,0.00285685,0.00285685,0.00285685,0.00285685,0.00285685,0.00285685,0.00285685,0.00285685,0.00285685,0.00285685,0.00285685,0.00285685,0.00285685,0.00285685,0.00285685,0.00285685,0.00285685,0.00285685,0.00285685,0.00285685,0.00285685,0.00285685,0.00285685,0.00285685,0.00285685,0.00285685,0.00285685,0.00285685,0.00285685,0.00285685,0.00285685,0.00285685,0.00285685,0.00285685,0.00285685,0.00285685,0.00285685,0.00285685,0.00285685,0.00285685,0.00285685,0.00285685,0.00285685,0.00285685,0.00285685,0.00285685,0.00285685,0.00285685,0.00285685,0.00285685,0.00285685,0.00285685,0.00285685,0.00285685,0.00285685,0.00285685,0.00285685,0.00285685,0.00285685,0.00285685,0.00285685,0.00285685,0.00285685,0.00285685,0.00285685,0.00285685,0.00285685,0.00285685,0.00285685,0.00285685,0.00285685,0.00285685,0.00285685,0.00285685,0.00285685,0.00285685,0.00285685,0.00285685,0.00285685,0.00285685,0.00285685,0.00285685,0.0184755,0.0340813,0.127755,0.221326,0.455287,0.688877,1
1,0.728052,0.45551,0.291929,0.128112,0.0735233,0.0188772,0.0110743,0.00326497,0.00326497,0.00326497,0.00326497,0.00326497,0.00326497,0.00326497,0.00326497,0.00326497,0.00326497,0.00326497,0.00326497,0.00326497,0.00326497,0.00326497,0.00326497,0.00326497,0.00326497,0.00326497,0.00326497,0.00326497,0.00326497,0.00326497,0.00326497,0.00326497,0.00326497,0.00326497,0.00326497,0.00326497,0.00326497,0.00326497,0.00326497,0.00326497,0.00326497,0.00326497,0.00326497,0.00326497,0.00326497,0.00326497,0.00326497,0.00326497,0.00326497,0.00326497,0.00326497,0.00326497,0.00326497,0.00326497,0.00326497,0.00326497,0.00326497,0.00326497,0.00326497,0.00326497,0.00326497,0.00326497,0.00326497,0.00326497,0.00326497,0.00326497,0.00326497,0.00326497,0.00326497,0.00326497,0.00326497,0.00326497,0.00326497,0.00326497,0.00326497,0.00326497,0.00326497,0.00326497,0.00326497,0.00326497,0.00326497,0.00326497,0.00326497,0.00326497,0.00326497,0.00326497,0.00326497,0.00326497,0.00326497,0.00326497,0.00326497,0.0110743,0.0188772,0.0735233,0.128112,0.291929,0.45551,0.728052,1
1,0.728163,0.510398,0.292219,0.183134,0.0739027,0.0427069,0.0114792,0.00757775,0.00367309,0.00367309,0.00367309,0.00367309,0.00367309,0.00367309,0.00367309,0.00367309,0.00367309,0.00367309,0.00367309,0.00367309,0.00367309,0.00367309,0.00367309,0.00367309,0.00367309,0.00367309,0.00367309,0.00367309,0.00367309,0.00367309,0.00367309,0.00367309,0.00367309,0.00367309,0.00367309,0.00367309,0.00367309,0.00367309,0.00367309,0.00367309,0.00367309,0.00367309,0.00367309,0.00367309,0.00367309,0.00367309,0.00367309,0.00367309,0.00367309,0.00367309,0.00367309,0.00367309,0.00367309,0.00367309,0.00367309,0.00367309,0.00367309,0.00367309,0.00367309,0.00367309,0.00367309,0.00367309,0.00367309,0.00367309,0.00367309,0.00367309,0.00367309,0.00367309,0.00367309,0.00367309,0.00367309,0.00367309,0.00367309,0.00367309,0.00367309,0.00367309,0.00367309,0.00367309,0.00367309,0.00367309,0.00367309,0.00367309,0.00367309,0.00367309,0.00367309,0.00367309,0.00367309,0.00367309,0.00367309,0.00367309,0.00757775,0.0114792,0.0427069,0.0739027,0.183134,0.292219,0.510398,0.728163,1
1,0.755607,0.510599,0.347174,0.183469,0.113329,0.0430991,0.0255504,0.00798428,0.00603354,0.00408122,0.00408122,0.00408122,0.00408122,0.00408122,0.00408122,0.00408122,0.00408122,0.00408122,0.00408122,0.00408122,0.00408122,0.00408122,0.00408122,0.00408122,0.00408122,0.00408122,0.00408122,0.00408122,0.00408122,0.00408122,0.00408122,0.00408122,0.00408122,0.00408122,0.00408122,0.00408122,0.00408122,0.00408122,0.00408122,0.00408122,0.00408122,0.00408122,0.00408122,0.00408122,0.00408122,0.00408122,0.00408122,0.00408122,0.00408122,0.00408122,0.00408122,0.00408122,0.00408122,0.00408122,0.00408122,0.00408122,0.00408122,0.00408122,0.00408122,0.00408122,0.00408122,0.00408122,0.00408122,0.00408122,0.00408122,0.00408122,0.00408122,0.00408122,0.00408122,0.00408122,0.00408122,0.00408122,0.00408122,0.00408122,0.00408122,0.00408122,0.00408122,0.00408122,0.00408122,0.00408122,0.00408122,0.00408122,0.00408122,0.00408122,0.00408122,0.00408122,0.00408122,0.00408122,0.00408122,0.00603354,0.00798428,0.0255504,0.0430991,0.113329,0.183469,0.347174,0.510599,0.755607,1
1,0.755708,0.551799,0.347442,0.23066,0.113692,0.0698477,0.0259498,0.0162001,0.00644087,0.0054655,0.00448934,0.00448934,0.00448934,0.00448934,0.00448934,0.00448934,0.00448934,0.00448934,0.00448934,0.00448934,0.00448934,0.00448934,0.00448934,0.00448934,0.00448934,0.00448934,0.00448934,0.00448934,0.00448934,0.00448934,0.00448934,0.00448934,0.00448934,0.00448934,0.00448934,0.00448934,0.00448934,0.00448934,0.00448934,0.00448934,0.00448934,0.00448934,0.00448934,0.00448934,0.00448934,0.00448934,0.00448934,0.00448934,0.00448934,0.00448934,0.00448934,0.00448934,0.00448934,0.00448934,0.00448934,0.00448934,0.00448934,0.00448934,0.00448934,0.00448934,0.00448934,0.00448934,0.00448934,0.00448934,0.00448934,0.00448934,0.00448934,0.00448934,0.00448934,0.00448934,0.00448934,0.00448934,0.00448934,0.00448934,0.00448934,0.00448934,0.00448934,0.00448934,0.00448934,0.00448934,0.00448934,0.00448934,0.00448934,0.00448934,0.00448934,0.00448934,0.00448934,0.00448934,0.0054655,0.00644087,0.0162001,0.0259498,0.0698477,0.113692,0.23066,0.347442,0.551799,0.755708,1
1,0.776308,0.551983,0.391637,0.230975,0.150662,0.0702291,0.043432,0.0166035,0.0112409,0.00587322,0.00538554,0.00489746,0.00489746,0.00489746,0.00489746,0.00489746,0.00489746,0.00489746,0.00489746,0.00489746,0.00489746,0.00489746,0.00489746,0.00489746,0.00489746,0.00489746,0.00489746,0.00489746,0.00489746,0.00489746,0.00489746,0.00489746,0.00489746,0.00489746,0.00489746,0.00489746,0.00489746,0.00489746,0.00489746,0.00489746,0.00489746,0.00489746,0.00489746,0.00489746,0.00489746,0.00489746,0.00489746,0.00489746,0.00489746,0.00489746,0.00489746,0.00489746,0.00489746,0.00489746,0.00489746,0.00489746,0.00489746,0.00489746,0.00489746,0.00489746,0.00489746,0.00489746,0.00489746,0.00489746,0.00489746,0.00489746,0.00489746,0.00489746,0.00489746,0.00489746,0.00489746,0.00489746,0.00489746,0.00489746,0.00489746,0.00489746,0.00489746,0.00489746,0.00489746,0.00489746,0.00489746,0.00489746,0.00489746,0.00489746,0.00489746,0.00489746,0.00489746,0.00538554,0.00587322,0.0112409,0.0166035,0.043432,0.0702291,0.150662,0.230975,0.391637,0.551983,0.776308,1
1,0.7764,0.584381,0.391887,0.271558,0.15101,0.097455,0.0438244,0.0277446,0.0116465,0.00872136,0.00579346,0.00554962,0.00530558,0.00530558,0.00530558,0.00530558,0.00530558,0.00530558,0.00530558,0.00530558,0.00530558,0.00530558,0.00530558,0.00530558,0.00530558,0.00530558,0.00530558,0.00530558,0.00530558,0.00530558,0.00530558,0.00530558,0.00530558,0.00530558,0.00530558,0.00530558,0.00530558,0.00530558,0.00530558,0.00530558,0.00530558,0.00530558,0.00530558,0.00530558,0.00530558,0.00530558,0.00530558,0.00530558,0.00530558,0.00530558,0.00530558,0.00530558,0.00530558,0.00530558,0.00530558,0.00530558,0.00530558,0.00530558,0.00530558,0.00530558,0.00530558,0.00530558,0.00530558,0.00530558,0.00530558,0.00530558,0.00530558,0.00530558,0.00530558,0.00530558,0.00530558,0.00530558,0.00530558,0.00530558,0.00530558,0.00530558,0.00530558,0.00530558,0.00530558,0.00530558,0.00530558,0.00530558,0.00530558,0.00530558,0.00530558,0.00530558,0.00554962,0.00579346,0.00872136,0.0116465,0.0277446,0.0438244,0.097455,0.15101,0.271558,0.391887,0.584381,0.7764,1
1,0.792598,0.584552,0.428377,0.271857,0.184915,0.0978255,0.0630079,0.0281436,0.0186411,0.00912808,0.00754361,0.00595764,0.00583572,0.0057137,0.0057137,0.0057137,0.0057137,0.0057137,0.0057137,0.0057137,0.0057137,0.0057137,0.0057137,0.0057137,0.0057137,0.0057137,0.0057137,0.0057137,0.0057137,0.0057137,0.0057137,0.0057137,0.0057137,0.0057137,0.0057137,0.0057137,0.0057137,0.0057137,0.0057137,0.0057137,0.0057137,0.0057137,0.0057137,0.0057137,0.0057137,0.0057137,0.0057137,0.0057137,0.0057137,0.0057137,0.0057137,0.0057137,0.0057137,0.0057137,0.0057137,0.0057137,0.0057137,0.0057137,0.0057137,0.0057137,0.0057137,0.0057137,0.0057137,0.0057137,0.0057137,0.0057137,0.0057137,0.0057137,0.0057137,0.0057137,0.0057137,0.0057137,0.0057137,0.0057137,0.0057137,0.0057137,0.0057137,0.0057137,0.0057137,0.0057137,0.0057137,0.0057137,0.0057137,0.0057137,0.0057137,0.00583572,0.00595764,0.00754361,0.00912808,0.0186411,0.0281436,0.0630079,0.0978255,0.184915,0.271857,0.428377,0.584552,0.792598,1
1,0.792684,0.610896,0.428612,0.307054,0.185249,0.124369,0.0633926,0.0412326,0.0190439,0.0135005,0.00795099,0.00709779,0.00624379,0.00618283,0.00612182,0.00612182,0.00612182,0.00612182,0.00612182,0.00612182,0.00612182,0.00612182,0.00612182,0.00612182,0.00612182,0.00612182,0.00612182,0.00612182,0.00612182,0.00612182,0.00612182,0.00612182,0.00612182,0.00612182,0.00612182,0.00612182,0.00612182,0.00612182,0.00612182,0.00612182,0.00612182,0.00612182,0.00612182,0.00612182,0.00612182,0.00612182,0.00612182,0.00612182,0.00612182,0.00612182,0.00612182,0.00612182,0.00612182,0.00612182,0.00612182,0.00612182,0.00612182,0.00612182,0.00612182,0.00612182,0.00612182,0.00612182,0.00612182,0.00612182,0.00612182,0.00612182,0.00612182,0.00612182,0.00612182,0.00612182,0.00612182,0.00612182,0.00612182,0.00612182,0.00612182,0.00612182,0.00612182,0.00612182,0.00612182,0.00612182,0.00612182,0.00612182,0.00612182,0.00612182,0.00618283,0.00624379,0.00709779,0.00795099,0.0135005,0.0190439,0.0412326,0.0633926,0.124369,0.185249,0.307054,0.428612,0.610896,0.792684,1
1,0.805856,0.611056,0.459383,0.307339,0.21612,0.124729,0.0832091,0.0416264,0.0277747,0.0139056,0.0107073,0.00750551,0.00704843,0.00659093,0.00656045,0.00652995,0.00652995,0.00652995,0.00652995,0.00652995,0.00652995,0.00652995,0.00652995,0.00652995,0.00652995,0.00652995,0.00652995,0.00652995,0.00652995,0.00652995,0.00652995,0.00652995,0.00652995,0.00652995,0.00652995,0.00652995,0.00652995,0.00652995,0.00652995,0.00652995,0.00652995,0.00652995,0.00652995,0.00652995,0.00652995,0.00652995,0.00652995,0.00652995,0.00652995,0.00652995,0.00652995,0.00652995,0.00652995,0.00652995,0.00652995,0.00652995,0.00652995,0.00652995,0.00652995,0.00652995,0.00652995,0.00652995,0.00652995,0.00652995,0.00652995,0.00652995,0.00652995,0.00652995,0.00652995,0.00652995,0.00652995,0.00652995,0.00652995,0.00652995,0.00652995,0.00652995,0.00652995,0.00652995,0.00652995,0.00652995,0.00652995,0.00652995,0.00652995,0.00656045,0.00659093,0.00704843,0.00750551,0.0107073,0.0139056,0.0277747,0.0416264,0.0832091,0.124729,0.21612,0.307339,0.459383,0.611056,0.805856,1
1,0.805936,0.633028,0.459606,0.33816,0.216442,0.150073,0.0835859,0.0559,0.0281741,0.0196491,0.0111137,0.00928597,0.00745634,0.00721256,0.00696856,0.00695332,0.00693807,0.00693807,0.00693807,0.00693807,0.00693807,0.00693807,0.00693807,0.00693807,0.00693807,0.00693807,0.00693807,0.00693807,0.00693807,0.00693807,0.00693807,0.00693807,0.00693807,0.00693807,0.00693807,0.00693807,0.00693807,0.00693807,0.00693807,0.00693807,0.00693807,0.00693807,0.00693807,0.00693807,0.00693807,0.00693807,0.00693807,0.00693807,0.00693807,0.00693807,0.00693807,0.00693807,0.00693807,0.00693807,0.00693807,0.00693807,0.00693807,0.00693807,0.00693807,0.00693807,0.00693807,0.00693807,0.00693807,0.00693807,0.00693807,0.00693807,0.00693807,0.00693807,0.00693807,0.00693807,0.00693807,0.00693807,0.00693807,0.00693807,0.00693807,0.00693807,0.00693807,0.00693807,0.00693807,0.00693807,0.00693807,0.00693807,0.00695332,0.00696856,0.00721256,0.00745634,0.00928597,0.0111137,0.0196491,0.0281741,0.0559,0.0835859,0.150073,0.216442,0.33816,0.459606,0.633028,0.805936,1
1,0.816922,0.633179,0.486002,0.338432,0.244524,0.150422,0.103394,0.0562881,0.0381827,0.020052,0.0148756,0.00969313,0.00865739,0.00762057,0.00749106,0.00736144,0.00735382,0.00734619,0.00734619,0.00734619,0.00734619,0.00734619,0.00734619,0.00734619,0.00734619,0.00734619,0.00734619,0.00734619,0.00734619,0.00734619,0.00734619,0.00734619,0.00734619,0.00734619,0.00734619,0.00734619,0.00734619,0.00734619,0.00734619,0.00734619,0.00734619,0.00734619,0.00734619,0.00734619,0.00734619,0.00734619,0.00734619,0.00734619,0.00734619,0.00734619,0.00734619,0.00734619,0.00734619,0.00734619,0.00734619,0.00734619,0.00734619,0.00734619,0.00734619,0.00734619,0.00734619,0.00734619,0.00734619,0.00734619,0.00734619,0.00734619,0.00734619,0.00734619,0.00734619,0.00734619,0.00734619,0.00734619,0.00734619,0.00734619,0.00734619,0.00734619,0.00734619,0.00734619,0.00734619,0.00734619,0.00734619,0.00735382,0.00736144,0.00749106,0.00762057,0.00865739,0.00969313,0.0148756,0.020052,0.0381827,0.0562881,0.103394,0.150422,0.244524,0.338432,0.486002,0.633179,0.816922,1
1,0.816998,0.65187,0.486214,0.365671,0.244835,0.174367,0.103763,0.0711967,0.0385782,0.0269373,0.0152807,0.0121746,0.00906497,0.00848235,0.00789913,0.00783056,0.00776193,0.00775812,0.00775431,0.00775431,0.00775431,0.00775431,0.00775431,0.00775431,0.00775431,0.00775431,0.00775431,0.00775431,0.00775431,0.00775431,0.00775431,0.00775431,0.00775431,0.00775431,0.00775431,0.00775431,0.00775431,0.00775431,0.00775431,0.00775431,0.00775431,0.00775431,0.00775431,0.00775431,0.00775431,0.00775431,0.00775431,0.00775431,0.00775431,0.00775431,0.00775431,0.00775431,0.00775431,0.00775431,0.00775431,0.00775431,0.00775431,0.00775431,0.00775431,0.00775431,0.00775431,0.00775431,0.00775431,0.00775431,0.00775431,0.00775431,0.00775431,0.00775431,0.00775431,0.00775431,0.00775431,0.00775431,0.00775431,0.00775431,0.00775431,0.00775431,0.00775431,0.00775431,0.00775431,0.00775431,0.00775812,0.00776193,0.00783056,0.00789913,0.00848235,0.00906497,0.0121746,0.0152807,0.0269373,0.0385782,0.0711967,0.103763,0.174367,0.244835,0.365671,0.486214,0.65187,0.816998,1
1,0.826343,0.652014,0.509179,0.365933,0.270427,0.174707,0.12319,0.0715788,0.0494751,0.0273376,0.0199641,0.012581,0.0107366,0.00889017,0.00856458,0.00823865,0.00820246,0.00816624,0.00816434,0.00816243,0.00816243,0.00816243,0.00816243,0.00816243,0.00816243,0.00816243,0.00816243,0.00816243,0.00816243,0.00816243,0.00816243,0.00816243,0.00816243,0.00816243,0.00816243,0.00816243,0.00816243,0.00816243,0.00816243,0.00816243,0.00816243,0.00816243,0.00816243,0.00816243,0.00816243,0.00816243,0.00816243,0.00816243,0.00816243,0.00816243,0.00816243,0.00816243,0.00816243,0.00816243,0.00816243,0.00816243,0.00816243,0.00816243,0.00816243,0.00816243,0.00816243,0.00816243,0.00816243,0.00816243,0.00816243,0.00816243,0.00816243,0.00816243,0.00816243,0.00816243,0.00816243,0.00816243,0.00816243,0.00816243,0.00816243,0.00816243,0.00816243,0.00816243,0.00816243,0.00816434,0.00816624,0.00820246,0.00823865,0.00856458,0.00889017,0.0107366,0.012581,0.0199641,0.0273376,0.0494751,0.0715788,0.12319,0.174707,0.270427,0.365933,0.509179,0.652014,0.826343,1
1,0.826415,0.668169,0.509381,0.390211,0.270728,0.197217,0.123551,0.0867408,0.0498663,0.0351277,0.0203674,0.0157585,0.0111437,0.0100587,0.00897253,0.00879164,0.00861057,0.00859152,0.00857246,0.00857151,0.00857055,0.00857055,0.00857055,0.00857055,0.00857055,0.00857055,0.00857055,0.00857055,0.00857055,0.00857055,0.00857055,0.00857055,0.00857055,0.00857055,0.00857055,0.00857055,0.00857055,0.00857055,0.00857055,0.00857055,0.00857055,0.00857055,0.00857055,0.00857055,0.00857055,0.00857055,0.00857055,0.00857055,0.00857055,0.00857055,0.00857055,0.00857055,0.00857055,0.00857055,0.00857055,0.00857055,0.00857055,0.00857055,0.00857055,0.00857055,0.00857055,0.00857055,0.00857055,0.00857055,0.00857055,0.00857055,0.00857055,0.00857055,0.00857055,0.00857055,0.00857055,0.00857055,0.00857055,0.00857055,0.00857055,0.00857055,0.00857055,0.00857055,0.00857151,0.00857246,0.00859152,0.00861057,0.00879164,0.00897253,0.0100587,0.0111437,0.0157585,0.0203674,0.0351277,0.0498663,0.0867408,0.123551,0.197217,0.270728,0.390211,0.509381,0.668169,0.826415,1
1,0.834493,0.668306,0.529598,0.390463,0.294122,0.197548,0.142387,0.0871169,0.0613424,0.035525,0.0258512,0.0161637,0.0133167,0.0104662,0.0098333,0.00919967,0.0090997,0.00899964,0.00898964,0.00897963,0.00897915,0.00897868,0.00897868,0.00897868,0.00897868,0.00897868,0.00897868,0.00897868,0.00897868,0.00897868,0.00897868,0.00897868,0.00897868,0.00897868,0.00897868,0.00897868,0.00897868,0.00897868,0.00897868,0.00897868,0.00897868,0.00897868,0.00897868,0.00897868,0.00897868,0.00897868,0.00897868,0.00897868,0.00897868,0.00897868,0.00897868,0.00897868,0.00897868,0.00897868,0.00897868,0.00897868,0.00897868,0.00897868,0.00897868,0.00897868,0.00897868,0.00897868,0.00897868,0.00897868,0.00897868,0.00897868,0.00897868,0.00897868,0.00897868,0.00897868,0.00897868,0.00897868,0.00897868,0.00897868,0.00897868,0.00897868,0.00897868,0.00897915,0.00897963,0.00898964,0.00899964,0.0090997,0.00919967,0.0098333,0.0104662,0.0133167,0.0161637,0.0258512,0.035525,0.0613424,0.0871169,0.142387,0.197548,0.294122,0.390463,0.529598,0.668306,0.834493,1
1,0.834561,0.682454,0.529793,0.412268,0.294413,0.218663,0.14274,0.102273,0.0617291,0.0440049,0.0262524,0.0199921,0.0137231,0.0119831,0.0102411,0.00987462,0.00950778,0.00945279,0.00939775,0.00939252,0.00938727,0.00938704,0.0093868,0.0093868,0.0093868,0.0093868,0.0093868,0.0093868,0.0093868,0.0093868,0.0093868,0.0093868,0.0093868,0.0093868,0.0093868,0.0093868,0.0093868,0.0093868,0.0093868,0.0093868,0.0093868,0.0093868,0.0093868,0.0093868,0.0093868,0.0093868,0.0093868,0.0093868,0.0093868,0.0093868,0.0093868,0.0093868,0.0093868,0.0093868,0.0093868,0.0093868,0.0093868,0.0093868,0.0093868,0.0093868,0.0093868,0.0093868,0.0093868,0.0093868,0.0093868,0.0093868,0.0093868,0.0093868,0.0093868,0.0093868,0.0093868,0.0093868,0.0093868,0.0093868,0.0093868,0.0093868,0.00938704,0.00938727,0.00939252,0.00939775,0.00945279,0.00950778,0.00987462,0.0102411,0.0119831,0.0137231,0.0199921,0.0262524,0.0440049,0.0617291,0.102273,0.14274,0.218663,0.294413,0.412268,0.529793,0.682454,0.834561,1
1,0.841635,0.682585,0.547769,0.412511,0.315874,0.218985,0.160876,0.102643,0.073547,0.0443989,0.0324066,0.0203959,0.0163957,0.0123902,0.011337,0.0102825,0.0100718,0.00986089,0.00983078,0.00980064,0.0097979,0.00979516,0.00979504,0.00979492,0.00979492,0.00979492,0.00979492,0.00979492,0.00979492,0.00979492,0.00979492,0.00979492,0.00979492,0.00979492,0.00979492,0.00979492,0.00979492,0.00979492,0.00979492,0.00979492,0.00979492,0.00979492,0.00979492,0.00979492,0.00979492,0.00979492,0.00979492,0.00979492,0.00979492,0.00979492,0.00979492,0.00979492,0.00979492,0.00979492,0.00979492,0.00979492,0.00979492,0.00979492,0.00979492,0.00979492,0.00979492,0.00979492,0.00979492,0.00979492,0.00979492,0.00979492,0.00979492,0.00979492,0.00979492,0.00979492,0.00979492,0.00979492,0.00979492,0.00979492,0.00979492,0.00979504,0.00979516,0.0097979,0.00980064,0.00983078,0.00986089,0.0100718,0.0102825,0.011337,0.0123902,0.0163957,0.0203959,0.0324066,0.0443989,0.073547,0.102643,0.160876,0.218985,0.315874,0.412511,0.547769,0.682585,0.841635,1
1,0.841701,0.69511,0.547956,0.432229,0.316156,0.238783,0.161222,0.11762,0.073929,0.0533849,0.0328055,0.0248093,0.0168012,0.0142745,0.0117445,0.0111125,0.0104798,0.0103594,0.0102389,0.0102225,0.010206,0.0102046,0.0102032,0.0102031,0.010203,0.010203,0.010203,0.010203,0.010203,0.010203,0.010203,0.010203,0.010203,0.010203,0.010203,0.010203,0.010203,0.010203,0.010203,0.010203,0.010203,0.010203,0.010203,0.010203,0.010203,0.010203,0.010203,0.010203,0.010203,0.010203,0.010203,0.010203,0.010203,0.010203,0.010203,0.010203,0.010203,0.010203,0.010203,0.010203,0.010203,0.010203,0.010203,0.010203,0.010203,0.010203,0.010203,0.010203,0.010203,0.010203,0.010203,0.010203,0.010203,0.010203,0.0102031,0.0102032,0.0102046,0.010206,0.0102225,0.0102389,0.0103594,0.0104798,0.0111125,0.0117445,0.0142745,0.0168012,0.0248093,0.0328055,0.0533849,0.073929,0.11762,0.161222,0.238783,0.316156,0.432229,0.547956,0.69511,0.841701,1
1,0.847963,0.695237,0.564078,0.432464,0.335914,0.239097,0.178609,0.117984,0.0859103,0.0537754,0.0395052,0.0252114,0.01995,0.0146809,0.0131016,0.0115203,0.0111441,0.0107675,0.0106991,0.0106306,0.0106216,0.0106127,0.010612,0.0106112,0.0106112,0.0106112,0.0106112,0.0106112,0.0106112,0.0106112,0.0106112,0.0106112,0.0106112,0.0106112,0.0106112,0.0106112,0.0106112,0.0106112,0.0106112,0.0106112,0.0106112,0.0106112,0.0106112,0.0106112,0.0106112,0.0106112,0.0106112,0.0106112,0.0106112,0.0106112,0.0106112,0.0106112,0.0106112,0.0106112,0.0106112,0.0106112,0.0106112,0.0106112,0.0106112,0.0106112,0.0106112,0.0106112,0.0106112,0.0106112,0.0106112,0.0106112,0.0106112,0.0106112,0.0106112,0.0106112,0.0106112,0.0106112,0.0106112,0.0106112,0.0106112,0.010612,0.0106127,0.0106216,0.0106306,0.0106991,0.0107675,0.0111441,0.0115203,0.0131016,0.0146809,0.01995,0.0252114,0.0395052,0.0537754,0.0859103,0.117984,0.178609,0.239097,0.335914,0.432464,0.564078,0.695237,0.847963,1
1,0.848026,0.706429,0.564259,0.450404,0.336189,0.25767,0.178949,0.132668,0.0862876,0.0631159,0.0399015,0.0301357,0.0203543,0.0169339,0.0135087,0.012531,0.011552,0.0113297,0.0111071,0.0110685,0.0110298,0.0110249,0.0110201,0.0110197,0.0110193,0.0110193,0.0110193,0.0110193,0.0110193,0.0110193,0.0110193,0.0110193,0.0110193,0.0110193,0.0110193,0.0110193,0.0110193,0.0110193,0.0110193,0.0110193,0.0110193,0.0110193,0.0110193,0.0110193,0.0110193,0.0110193,0.0110193,0.0110193,0.0110193,0.0110193,0.0110193,0.0110193,0.0110193,0.0110193,0.0110193,0.0110193,0.0110193,0.0110193,0.0110193,0.0110193,0.0110193,0.0110193,0.0110193,0.0110193,0.0110193,0.0110193,0.0110193,0.0110193,0.0110193,0.0110193,0.0110193,0.0110193,0.0110193,0.0110193,0.0110197,0.0110201,0.0110249,0.0110298,0.0110685,0.0111071,0.0113297,0.011552,0.012531,0.0135087,0.0169339,0.0203543,0.0301357,0.0399015,0.0631159,0.0862876,0.132668,0.178949,0.25767,0.336189,0.450404,0.564259,0.706429,0.848026,1
1,0.853622,0.706551,0.578825,0.450632,0.354445,0.257977,0.195577,0.133026,0.0983,0.0635027,0.0470339,0.030536,0.023943,0.0173396,0.0151406,0.0129385,0.0123385,0.0117377,0.0116072,0.0114766,0.0114548,0.011433,0.0114304,0.0114278,0.0114276,0.0114274,0.0114274,0.0114274,0.0114274,0.0114274,0.0114274,0.0114274,0.0114274,0.0114274,0.0114274,0.0114274,0.0114274,0.0114274,0.0114274,0.0114274,0.0114274,0.0114274,0.0114274,0.0114274,0.0114274,0.0114274,0.0114274,0.0114274,0.0114274,0.0114274,0.0114274,0.0114274,0.0114274,0.0114274,0.0114274,0.0114274,0.0114274,0.0114274,0.0114274,0.0114274,0.0114274,0.0114274,0.0114274,0.0114274,0.0114274,0.0114274,0.0114274,0.0114274,0.0114274,0.0114274,0.0114274,0.0114274,0.0114274,0.0114276,0.0114278,0.0114304,0.011433,0.0114548,0.0114766,0.0116072,0.0117377,0.0123385,0.0129385,0.0151406,0.0173396,0.023943,0.030536,0.0470339,0.0635027,0.0983,0.133026,0.195577,0.257977,0.354445,0.450632,0.578825,0.706551,0.853622,1
1,0.853683,0.716632,0.578999,0.467043,0.354713,0.275419,0.19591,0.147347,0.0986726,0.0730751,0.0474275,0.0358966,0.024346,0.0199499,0.0155472,0.0141476,0.0127462,0.012381,0.0120153,0.0119391,0.0118629,0.0118508,0.0118386,0.0118372,0.0118357,0.0118356,0.0118355,0.0118355,0.0118355,0.0118355,0.0118355,0.0118355,0.0118355,0.0118355,0.0118355,0.0118355,0.0118355,0.0118355,0.0118355,0.0118355,0.0118355,0.0118355,0.0118355,0.0118355,0.0118355,0.0118355,0.0118355,0.0118355,0.0118355,0.0118355,0.0118355,0.0118355,0.0118355,0.0118355,0.0118355,0.0118355,0.0118355,0.0118355,0.0118355,0.0118355,0.0118355,0.0118355,0.0118355,0.0118355,0.0118355,0.0118355,0.0118355,0.0118355,0.0118355,0.0118355,0.0118355,0.0118355,0.0118356,0.0118357,0.0118372,0.0118386,0.0118508,0.0118629,0.0119391,0.0120153,0.012381,0.0127462,0.0141476,0.0155472,0.0199499,0.024346,0.0358966,0.0474275,0.0730751,0.0986726,0.147347,0.19591,0.275419,0.354713,0.467043,0.578999,0.716632,0.853683,1
1,0.858724,0.71675,0.592245,0.467264,0.371639,0.275719,0.211791,0.147699,0.110619,0.0734582,0.054894,0.0362949,0.0283314,0.0203547,0.0174569,0.0145548,0.0136724,0.0127889,0.0125682,0.0123472,0.0123031,0.0122589,0.0122521,0.0122453,0.0122445,0.0122438,0.0122437,0.0122437,0.0122437,0.0122436,0.0122436,0.0122436,0.0122436,0.0122436,0.0122436,0.0122436,0.0122436,0.0122436,0.0122436,0.0122436,0.0122436,0.0122436,0.0122436,0.0122436,0.0122436,0.0122436,0.0122436,0.0122436,0.0122436,0.0122436,0.0122436,0.0122436,0.0122436,0.0122436,0.0122436,0.0122436,0.0122436,0.0122436,0.0122436,0.0122436,0.0122436,0.0122436,0.0122436,0.0122436,0.0122436,0.0122436,0.0122436,0.0122436,0.0122436,0.0122437,0.0122437,0.0122437,0.0122438,0.0122445,0.0122453,0.0122521,0.0122589,0.0123031,0.0123472,0.0125682,0.0127889,0.0136724,0.0145548,0.0174569,0.0203547,0.0283314,0.0362949,0.054894,0.0734582,0.110619,0.147699,0.211791,0.275719,0.371639,0.467264,0.592245,0.71675,0.858724,1
1,0.858783,0.725893,0.592415,0.48235,0.3719,0.292123,0.212117,0.161613,0.110987,0.0831646,0.0552846,0.0420208,0.0287329,0.0233022,0.0178629,0.0159728,0.01408,0.0135284,0.0129762,0.0128437,0.0127112,0.0126857,0.0126602,0.0126564,0.0126526,0.0126522,0.0126518,0.0126518,0.0126518,0.0126518,0.0126518,0.0126518,0.0126518,0.0126518,0.0126518,0.0126518,0.0126518,0.0126518,0.0126518,0.0126518,0.0126518,0.0126518,0.0126518,0.0126518,0.0126518,0.0126518,0.0126518,0.0126518,0.0126518,0.0126518,0.0126518,0.0126518,0.0126518,0.0126518,0.0126518,0.0126518,0.0126518,0.0126518,0.0126518,0.0126518,0.0126518,0.0126518,0.0126518,0.0126518,0.0126518,0.0126518,0.0126518,0.0126518,0.0126518,0.0126518,0.0126518,0.0126518,0.0126522,0.0126526,0.0126564,0.0126602,0.0126857,0.0127112,0.0128437,0.0129762,0.0135284,0.01408,0.0159728,0.0178629,0.0233022,0.0287329,0.0420208,0.0552846,0.0831646,0.110987,0.161613,0.212117,0.292123,0.3719,0.48235,0.592415,0.725893,0.858783,1
1,0.863355,0.726007,0.60453,0.482565,0.387645,0.292417,0.227276,0.16196,0.122797,0.0835439,0.0630008,0.0424169,0.0330696,0.023706,0.0200456,0.0163795,0.0151587,0.0139362,0.0135942,0.0132518,0.0131728,0.0130938,0.0130792,0.0130645,0.0130624,0.0130604,0.0130601,0.0130599,0.0130599,0.0130599,0.0130599,0.0130599,0.0130599,0.0130599,0.0130599,0.0130599,0.0130599,0.0130599,0.0130599,0.0130599,0.0130599,0.0130599,0.0130599,0.0130599,0.0130599,0.0130599,0.0130599,0.0130599,0.0130599,0.0130599,0.0130599,0.0130599,0.0130599,0.0130599,0.0130599,0.0130599,0.0130599,0.0130599,0.0130599,0.0130599,0.0130599,0.0130599,0.0130599,0.0130599,0.0130599,0.0130599,0.0130599,0.0130599,0.0130599,0.0130599,0.0130599,0.0130601,0.0130604,0.0130624,0.0130645,0.0130792,0.0130938,0.0131728,0.0132518,0.0135942,0.0139362,0.0151587,0.0163795,0.0200456,0.023706,0.0330696,0.0424169,0.0630008,0.0835439,0.122797,0.16196,0.227276,0.292417,0.387645,0.482565,0.60453,0.726007,0.863355,1
1,0.863412,0.73435,0.604694,0.496495,0.387899,0.307869,0.227597,0.175445,0.12316,0.093307,0.0633885,0.0484434,0.0334696,0.0269658,0.0204509,0.0180103,0.015566,0.0147846,0.0140021,0.0137916,0.0135809,0.0135341,0.0134873,0.0134789,0.0134706,0.0134694,0.0134683,0.0134681,0.013468,0.013468,0.013468,0.013468,0.013468,0.013468,0.013468,0.013468,0.013468,0.013468,0.013468,0.013468,0.013468,0.013468,0.013468,0.013468,0.013468,0.013468,0.013468,0.013468,0.013468,0.013468,0.013468,0.013468,0.013468,0.013468,0.013468,0.013468,0.013468,0.013468,0.013468,0.013468,0.013468,0.013468,0.013468,0.013468,0.013468,0.013468,0.013468,0.013468,0.013468,0.013468,0.0134681,0.0134683,0.0134694,0.0134706,0.0134789,0.0134873,0.0135341,0.0135809,0.0137916,0.0140021,0.0147846,0.015566,0.0180103,0.0204509,0.0269658,0.0334696,0.0484434,0.0633885,0.093307,0.12316,0.175445,0.227597,0.307869,0.387899,0.496495,0.604694,0.73435,0.863412,1
1,0.867583,0.734461,0.615831,0.496705,0.40259,0.308156,0.242065,0.175786,0.134784,0.0936825,0.0712833,0.0488372,0.0381127,0.0273684,0.0228962,0.0184166,0.0168056,0.0151922,0.0146962,0.0141996,0.014071,0.0139422,0.0139147,0.013887,0.0138823,0.0138775,0.0138769,0.0138763,0.0138762,0.0138761,0.0138761,0.0138761,0.0138761,0.0138761,0.0138761,0.0138761,0.0138761,0.0138761,0.0138761,0.0138761,0.0138761,0.0138761,0.0138761,0.0138761,0.0138761,0.0138761,0.0138761,0.0138761,0.0138761,0.0138761,0.0138761,0.0138761,0.0138761,0.0138761,0.0138761,0.0138761,0.0138761,0.0138761,0.0138761,0.0138761,0.0138761,0.0138761,0.0138761,0.0138761,0.0138761,0.0138761,0.0138761,0.0138761,0.0138761,0.0138762,0.0138763,0.0138769,0.0138775,0.0138823,0.013887,0.0139147,0.0139422,0.014071,0.0141996,0.0146962,0.0151922,0.0168056,0.0184166,0.0228962,0.0273684,0.0381127,0.0488372,0.0712833,0.0936825,0.134784,0.175786,0.242065,0.308156,0.40259,0.496705,0.615831,0.734461,0.867583,1
1,0.867639,0.742115,0.615991,0.509619,0.402839,0.322736,0.242379,0.188833,0.135143,0.103442,0.0716679,0.0551061,0.0385109,0.0309125,0.0233006,0.020259,0.0172125,0.016159,0.015104,0.0147917,0.014479,0.014401,0.0143228,0.0143066,0.0142904,0.0142877,0.014285,0.0142847,0.0142843,0.0142843,0.0142843,0.0142843,0.0142843,0.0142843,0.0142843,0.0142843,0.0142843,0.0142843,0.0142843,0.0142843,0.0142843,0.0142843,0.0142843,0.0142843,0.0142843,0.0142843,0.0142843,0.0142843,0.0142843,0.0142843,0.0142843,0.0142843,0.0142843,0.0142843,0.0142843,0.0142843,0.0142843,0.0142843,0.0142843,0.0142843,0.0142843,0.0142843,0.0142843,0.0142843,0.0142843,0.0142843,0.0142843,0.0142843,0.0142843,0.0142843,0.0142847,0.014285,0.0142877,0.0142904,0.0143066,0.0143228,0.014401,0.014479,0.0147917,0.015104,0.016159,0.0172125,0.020259,0.0233006,0.0309125,0.0385109,0.0551061,0.0716679,0.103442,0.135143,0.188833,0.242379,0.322736,0.402839,0.509619,0.615991,0.742115,0.867639,1
1,0.871466,0.742223,0.626275,0.509823,0.416585,0.323017,0.256192,0.189169,0.146545,0.103813,0.0796821,0.0554975,0.0434174,0.0313139,0.0259939,0.0206647,0.0186171,0.0165664,0.0158835,0.0151997,0.0150045,0.014809,0.0147619,0.0147147,0.0147053,0.0146958,0.0146943,0.0146928,0.0146926,0.0146924,0.0146924,0.0146924,0.0146924,0.0146924,0.0146924,0.0146924,0.0146924,0.0146924,0.0146924,0.0146924,0.0146924,0.0146924,0.0146924,0.0146924,0.0146924,0.0146924,0.0146924,0.0146924,0.0146924,0.0146924,0.0146924,0.0146924,0.0146924,0.0146924,0.0146924,0.0146924,0.0146924,0.0146924,0.0146924,0.0146924,0.0146924,0.0146924,0.0146924,0.0146924,0.0146924,0.0146924,0.0146924,0.0146924,0.0146924,0.0146926,0.0146928,0.0146943,0.0146958,0.0147053,0.0147147,0.0147619,0.014809,0.0150045,0.0151997,0.0158835,0.0165664,0.0186171,0.0206647,0.0259939,0.0313139,0.0434174,0.0554975,0.0796821,0.103813,0.146545,0.189169,0.256192,0.323017,0.416585,0.509823,0.626275,0.742223,0.871466,1
1,0.87152,0.749279,0.626431,0.521838,0.416828,0.336797,0.256501,0.201777,0.146899,0.113522,0.0800636,0.0619579,0.0438138,0.0351138,0.0263974,0.0227136,0.0190236,0.0176584,0.0162911,0.0158521,0.0154125,0.0152913,0.01517,0.0151417,0.0151134,0.0151079,0.0151024,0.0151016,0.0151007,0.0151006,0.0151005,0.0151005,0.0151005,0.0151005,0.0151005,0.0151005,0.0151005,0.0151005,0.0151005,0.0151005,0.0151005,0.0151005,0.0151005,0.0151005,0.0151005,0.0151005,0.0151005,0.0151005,0.0151005,0.0151005,0.0151005,0.0151005,0.0151005,0.0151005,0.0151005,0.0151005,0.0151005,0.0151005,0.0151005,0.0151005,0.0151005,0.0151005,0.0151005,0.0151005,0.0151005,0.0151005,0.0151005,0.0151005,0.0151006,0.0151007,0.0151016,0.0151024,0.0151079,0.0151134,0.0151417,0.01517,0.0152913,0.0154125,0.0158521,0.0162911,0.0176584,0.0190236,0.0227136,0.0263974,0.0351138,0.0438138,0.0619579,0.0800636,0.113522,0.146899,0.201777,0.256501,0.336797,0.416828,0.521838,0.626431,0.749279,0.87152,1
1,0.875047,0.749384,0.635967,0.522038,0.429726,0.337073,0.269695,0.202108,0.158057,0.11389,0.088148,0.0623468,0.048944,0.0355137,0.0293218,0.0231186,0.0205942,0.0180655,0.0171634,0.0162599,0.0159798,0.0156993,0.0156246,0.0155498,0.0155329,0.015516,0.0155129,0.0155097,0.0155092,0.0155087,0.0155087,0.0155086,0.0155086,0.0155086,0.0155086,0.0155086,0.0155086,0.0155086,0.0155086,0.0155086,0.0155086,0.0155086,0.0155086,0.0155086,0.0155086,0.0155086,0.0155086,0.0155086,0.0155086,0.0155086,0.0155086,0.0155086,0.0155086,0.0155086,0.0155086,0.0155086,0.0155086,0.0155086,0.0155086,0.0155086,0.0155086,0.0155086,0.0155086,0.0155086,0.0155086,0.0155086,0.0155086,0.0155087,0.0155087,0.0155092,0.0155097,0.0155129,0.015516,0.0155329,0.0155498,0.0156246,0.0156993,0.0159798,0.0162599,0.0171634,0.0180655,0.0205942,0.0231186,0.0293218,0.0355137,0.048944,0.0623468,0.088148,0.11389,0.158057,0.202108,0.269695,0.337073,0.429726,0.522038,0.635967,0.749384,0.875047,1
1,0.8751,0.755915,0.636119,0.533254,0.429963,0.350119,0.269999,0.214284,0.158407,0.123511,0.0885263,0.0689541,0.0493384,0.039541,0.0297243,0.0253661,0.0210002,0.0192869,0.0175708,0.0169797,0.0163878,0.0162103,0.0160327,0.0159869,0.015941,0.015931,0.015921,0.0159192,0.0159173,0.0159171,0.0159168,0.0159168,0.0159167,0.0159167,0.0159167,0.0159167,0.0159167,0.0159167,0.0159167,0.0159167,0.0159167,0.0159167,0.0159167,0.0159167,0.0159167,0.0159167,0.0159167,0.0159167,0.0159167,0.0159167,0.0159167,0.0159167,0.0159167,0.0159167,0.0159167,0.0159167,0.0159167,0.0159167,0.0159167,0.0159167,0.0159167,0.0159167,0.0159167,0.0159167,0.0159167,0.0159167,0.0159168,0.0159168,0.0159171,0.0159173,0.0159192,0.015921,0.015931,0.015941,0.0159869,0.0160327,0.0162103,0.0163878,0.0169797,0.0175708,0.0192869,0.0210002,0.0253661,0.0297243,0.039541,0.0493384,0.0689541,0.0885263,0.123511,0.158407,0.214284,0.269999,0.350119,0.429963,0.533254,0.636119,0.755915,0.8751,1
1,0.878366,0.756017,0.644993,0.533449,0.442095,0.350389,0.28261,0.214611,0.169306,0.123875,0.0966406,0.0693405,0.0546557,0.0399395,0.0328617,0.0257704,0.0227346,0.0196936,0.0185414,0.0173874,0.0170032,0.0166184,0.0165067,0.016395,0.0163671,0.0163391,0.0163332,0.0163273,0.0163262,0.0163252,0.0163251,0.0163249,0.0163249,0.0163249,0.0163249,0.0163249,0.0163249,0.0163249,0.0163249,0.0163249,0.0163249,0.0163249,0.0163249,0.0163249,0.0163249,0.0163249,0.0163249,0.0163249,0.0163249,0.0163249,0.0163249,0.0163249,0.0163249,0.0163249,0.0163249,0.0163249,0.0163249,0.0163249,0.0163249,0.0163249,0.0163249,0.0163249,0.0163249,0.0163249,0.0163249,0.0163249,0.0163249,0.0163251,0.0163252,0.0163262,0.0163273,0.0163332,0.0163391,0.0163671,0.016395,0.0165067,0.0166184,0.0170032,0.0173874,0.0185414,0.0196936,0.0227346,0.0257704,0.0328617,0.0399395,0.0546557,0.0693405,0.0966406,0.123875,0.169306,0.214611,0.28261,0.350389,0.442095,0.533449,0.644993,0.756017,0.878366,1
1,0.878417,0.762087,0.645141,0.543952,0.442327,0.36276,0.282908,0.226366,0.169651,0.133381,0.0970158,0.0760563,0.0550481,0.0441668,0.033263,0.0282063,0.0231401,0.0210461,0.0189486,0.0181804,0.017411,0.0171631,0.0169148,0.016845,0.0167752,0.0167583,0.0167413,0.0167379,0.0167344,0.0167338,0.0167332,0.0167331,0.016733,0.016733,0.016733,0.016733,0.016733,0.016733,0.016733,0.016733,0.016733,0.016733,0.016733,0.016733,0.016733,0.016733,0.016733,0.016733,0.016733,0.016733,0.016733,0.016733,0.016733,0.016733,0.016733,0.016733,0.016733,0.016733,0.016733,0.016733,0.016733,0.016733,0.016733,0.016733,0.016733,0.016733,0.0167331,0.0167332,0.0167338,0.0167344,0.0167379,0.0167413,0.0167583,0.0167752,0.016845,0.0169148,0.0171631,0.017411,0.0181804,0.0189486,0.0210461,0.0231401,0.0282063,0.033263,0.0441668,0.0550481,0.0760563,0.0970158,0.133381,0.169651,0.226366,0.282908,0.36276,0.442327,0.543952,0.645141,0.762087,0.878417,1
1,0.881452,0.762187,0.653428,0.544143,0.453764,0.363026,0.294971,0.226688,0.180282,0.133742,0.105127,0.0764401,0.0605196,0.0445637,0.0365947,0.0286097,0.0250343,0.0214525,0.0200214,0.0185879,0.0180799,0.017571,0.0174122,0.0172531,0.0172098,0.0171664,0.0171562,0.017146,0.0171439,0.0171419,0.0171416,0.0171412,0.0171412,0.0171411,0.0171411,0.0171411,0.0171411,0.0171411,0.0171411,0.0171411,0.0171411,0.0171411,0.0171411,0.0171411,0.0171411,0.0171411,0.0171411,0.0171411,0.0171411,0.0171411,0.0171411,0.0171411,0.0171411,0.0171411,0.0171411,0.0171411,0.0171411,0.0171411,0.0171411,0.0171411,0.0171411,0.0171411,0.0171411,0.0171411,0.0171411,0.0171412,0.0171412,0.0171416,0.0171419,0.0171439,0.017146,0.0171562,0.0171664,0.0172098,0.0172531,0.0174122,0.017571,0.0180799,0.0185879,0.0200214,0.0214525,0.0250343,0.0286097,0.0365947,0.0445637,0.0605196,0.0764401,0.105127,0.133742,0.180282,0.226688,0.294971,0.363026,0.453764,0.544143,0.653428,0.762187,0.881452,1
1,0.881502,0.767848,0.653573,0.554004,0.453992,0.374776,0.295265,0.238035,0.180623,0.143112,0.105499,0.0832314,0.06091,0.0489653,0.0369948,0.0312226,0.0254392,0.022936,0.0204283,0.0194588,0.0184876,0.0181541,0.0178202,0.0177191,0.0176179,0.0175911,0.0175643,0.0175582,0.0175521,0.0175509,0.0175497,0.0175495,0.0175493,0.0175493,0.0175492,0.0175492,0.0175492,0.0175492,0.0175492,0.0175492,0.0175492,0.0175492,0.0175492,0.0175492,0.0175492,0.0175492,0.0175492,0.0175492,0.0175492,0.0175492,0.0175492,0.0175492,0.0175492,0.0175492,0.0175492,0.0175492,0.0175492,0.0175492,0.0175492,0.0175492,0.0175492,0.0175492,0.0175492,0.0175492,0.0175493,0.0175493,0.0175495,0.0175497,0.0175509,0.0175521,0.0175582,0.0175643,0.0175911,0.0176179,0.0177191,0.0178202,0.0181541,0.0184876,0.0194588,0.0204283,0.022936,0.0254392,0.0312226,0.0369948,0.0489653,0.06091,0.0832314,0.105499,0.143112,0.180623,0.238035,0.295265,0.374776,0.453992,0.554004,0.653573,0.767848,0.881502,1
1,0.884332,0.767946,0.661334,0.554191,0.464798,0.375037,0.306813,0.238352,0.190982,0.143469,0.11358,0.0836126,0.0665065,0.0493605,0.0405021,0.0316251,0.0274874,0.0233419,0.0216055,0.0198661,0.0192146,0.018562,0.0183447,0.0181272,0.0180632,0.0179992,0.0179828,0.0179663,0.0179626,0.017959,0.0179583,0.0179576,0.0179575,0.0179574,0.0179574,0.0179574,0.0179574,0.0179574,0.0179574,0.0179574,0.0179574,0.0179574,0.0179574,0.0179574,0.0179574,0.0179574,0.0179574,0.0179574,0.0179574,0.0179574,0.0179574,0.0179574,0.0179574,0.0179574,0.0179574,0.0179574,0.0179574,0.0179574,0.0179574,0.0179574,0.0179574,0.0179574,0.0179574,0.0179574,0.0179574,0.0179575,0.0179576,0.0179583,0.017959,0.0179626,0.0179663,0.0179828,0.0179992,0.0180632,0.0181272,0.0183447,0.018562,0.0192146,0.0198661,0.0216055,0.0233419,0.0274874,0.0316251,0.0405021,0.0493605,0.0665065,0.0836126,0.11358,0.143469,0.190982,0.238352,0.306813,0.375037,0.464798,0.554191,0.661334,0.767946,0.884332,1
1,0.884381,0.773241,0.661476,0.563474,0.465022,0.386214,0.307103,0.249306,0.191319,0.152689,0.113949,0.0904514,0.0668947,0.0539124,0.040901,0.0344029,0.0278916,0.0249546,0.0220121,0.0208182,0.0196222,0.0191878,0.0187527,0.0186121,0.0184713,0.0184311,0.0183909,0.0183808,0.0183708,0.0183686,0.0183664,0.018366,0.0183656,0.0183656,0.0183655,0.0183655,0.0183655,0.0183655,0.0183655,0.0183655,0.0183655,0.0183655,0.0183655,0.0183655,0.0183655,0.0183655,0.0183655,0.0183655,0.0183655,0.0183655,0.0183655,0.0183655,0.0183655,0.0183655,0.0183655,0.0183655,0.0183655,0.0183655,0.0183655,0.0183655,0.0183655,0.0183655,0.0183655,0.0183655,0.0183656,0.0183656,0.018366,0.0183664,0.0183686,0.0183708,0.0183808,0.0183909,0.0184311,0.0184713,0.0186121,0.0187527,0.0191878,0.0196222,0.0208182,0.0220121,0.0249546,0.0278916,0.0344029,0.040901,0.0539124,0.0668947,0.0904514,0.113949,0.152689,0.191319,0.249306,0.307103,0.386214,0.465022,0.563474,0.661476,0.773241,0.884381,1
1,0.887029,0.773337,0.668766,0.563657,0.475252,0.38647,0.318168,0.249619,0.201405,0.153042,0.121978,0.0908299,0.07259,0.0543059,0.0445657,0.0348044,0.0300868,0.02536,0.0232945,0.0212253,0.0204111,0.0195956,0.0193081,0.0190201,0.0189297,0.0188392,0.0188141,0.0187889,0.0187828,0.0187767,0.0187754,0.0187741,0.0187739,0.0187737,0.0187736,0.0187736,0.0187736,0.0187736,0.0187736,0.0187736,0.0187736,0.0187736,0.0187736,0.0187736,0.0187736,0.0187736,0.0187736,0.0187736,0.0187736,0.0187736,0.0187736,0.0187736,0.0187736,0.0187736,0.0187736,0.0187736,0.0187736,0.0187736,0.0187736,0.0187736,0.0187736,0.0187736,0.0187736,0.0187736,0.0187737,0.0187739,0.0187741,0.0187754,0.0187767,0.0187828,0.0187889,0.0188141,0.0188392,0.0189297,0.0190201,0.0193081,0.0195956,0.0204111,0.0212253,0.0232945,0.02536,0.0300868,0.0348044,0.0445657,0.0543059,0.07259,0.0908299,0.121978,0.153042,0.201405,0.249619,0.318168,0.38647,0.475252,0.563657,0.668766,0.773337,0.887029,1
1,0.887076,0.778305,0.668905,0.572417,0.475472,0.397118,0.318453,0.260195,0.201738,0.1621,0.122344,0.0976922,0.072976,0.058986,0.0449633,0.0377344,0.0304903,0.0270988,0.0237008,0.0222609,0.0208185,0.0202677,0.019716,0.019527,0.0193378,0.01928,0.0192222,0.0192066,0.0191909,0.0191872,0.0191835,0.0191828,0.019182,0.0191819,0.0191818,0.0191817,0.0191817,0.0191817,0.0191817,0.0191817,0.0191817,0.0191817,0.0191817,0.0191817,0.0191817,0.0191817,0.0191817,0.0191817,0.0191817,0.0191817,0.0191817,0.0191817,0.0191817,0.0191817,0.0191817,0.0191817,0.0191817,0.0191817,0.0191817,0.0191817,0.0191817,0.0191817,0.0191817,0.0191818,0.0191819,0.019182,0.0191828,0.0191835,0.0191872,0.0191909,0.0192066,0.0192222,0.01928,0.0193378,0.019527,0.019716,0.0202677,0.0208185,0.0222609,0.0237008,0.0270988,0.0304903,0.0377344,0.0449633,0.058986,0.072976,0.0976922,0.122344,0.1621,0.201738,0.260195,0.318453,0.397118,0.475472,0.572417,0.668905,0.778305,0.887076,1
1,0.889561,0.778399,0.675769,0.572597,0.485176,0.39737,0.329064,0.260504,0.211555,0.162449,0.130304,0.0980682,0.0787472,0.0593778,0.0487683,0.0381349,0.0328247,0.0275037,0.025088,0.0226678,0.0216724,0.0206754,0.0203055,0.019935,0.0198116,0.0196881,0.0196514,0.0196147,0.019605,0.0195954,0.0195931,0.0195909,0.0195905,0.01959,0.0195899,0.0195899,0.0195899,0.0195898,0.0195898,0.0195898,0.0195898,0.0195898,0.0195898,0.0195898,0.0195898,0.0195898,0.0195898,0.0195898,0.0195898,0.0195898,0.0195898,0.0195898,0.0195898,0.0195898,0.0195898,0.0195898,0.0195898,0.0195898,0.0195898,0.0195898,0.0195898,0.0195899,0.0195899,0.0195899,0.01959,0.0195905,0.0195909,0.0195931,0.0195954,0.019605,0.0196147,0.0196514,0.0196881,0.0198116,0.019935,0.0203055,0.0206754,0.0216724,0.0226678,0.025088,0.0275037,0.0328247,0.0381349,0.0487683,0.0593778,0.0787472,0.0980682,0.130304,0.162449,0.211555,0.260504,0.329064,0.39737,0.485176,0.572597,0.675769,0.778399,0.889561,1
1,0.889608,0.783073,0.675906,0.580881,0.485392,0.407528,0.329345,0.270718,0.211885,0.171338,0.130667,0.104934,0.0791311,0.0641659,0.0491645,0.0412046,0.0332274,0.0293645,0.0254938,0.0237883,0.0220797,0.0213971,0.0207133,0.0204667,0.0202197,0.0201397,0.0200595,0.0200364,0.0200132,0.0200072,0.0200013,0.0199999,0.0199986,0.0199983,0.0199981,0.019998,0.019998,0.019998,0.019998,0.019998,0.019998,0.019998,0.019998,0.019998,0.019998,0.019998,0.019998,0.019998,0.019998,0.019998,0.019998,0.019998,0.019998,0.019998,0.019998,0.019998,0.019998,0.019998,0.019998,0.019998,0.019998,0.019998,0.019998,0.0199981,0.0199983,0.0199986,0.0199999,0.0200013,0.0200072,0.0200132,0.0200364,0.0200595,0.0201397,0.0202197,0.0204667,0.0207133,0.0213971,0.0220797,0.0237883,0.0254938,0.0293645,0.0332274,0.0412046,0.0491645,0.0641659,0.0791311,0.104934,0.130667,0.171338,0.211885,0.270718,0.329345,0.407528,0.485392,0.580881,0.675906,0.783073,0.889608,1
1,0.891945,0.783165,0.682385,0.581057,0.494613,0.407776,0.339531,0.271023,0.221436,0.171684,0.138544,0.105307,0.084958,0.0645559,0.0530934,0.0416041,0.0356927,0.0297688,0.0269845,0.0241949,0.0230008,0.0218046,0.02134,0.0208746,0.0207113,0.0205477,0.0204961,0.0204445,0.0204299,0.0204153,0.0204117,0.020408,0.0204072,0.0204064,0.0204063,0.0204061,0.0204061,0.0204061,0.0204061,0.0204061,0.0204061,0.0204061,0.0204061,0.0204061,0.0204061,0.0204061,0.0204061,0.0204061,0.0204061,0.0204061,0.0204061,0.0204061,0.0204061,0.0204061,0.0204061,0.0204061,0.0204061,0.0204061,0.0204061,0.0204061,0.0204061,0.0204061,0.0204061,0.0204063,0.0204064,0.0204072,0.020408,0.0204117,0.0204153,0.0204299,0.0204445,0.0204961,0.0205477,0.0207113,0.0208746,0.02134,0.0218046,0.0230008,0.0241949,0.0269845,0.0297688,0.0356927,0.0416041,0.0530934,0.0645559,0.084958,0.105307,0.138544,0.171684,0.221436,0.271023,0.339531,0.407776,0.494613,0.581057,0.682385,0.783165,0.891945,1
